src_ip,dst_ip,src_port,dst_port,packet_size,is_tcp,is_udp,is_raw,label
192.168.75.180,10.92.106.138,4673,589,117,0,1,1,1
192.168.242.199,10.49.193.207,7029,32737,379,0,1,1,1
192.168.42.23,10.223.71.220,14365,40875,201,0,1,0,1
192.168.225.225,10.186.233.217,37402,20219,261,0,0,0,0
192.168.110.77,10.134.91.202,43447,12959,858,0,1,0,1
192.168.137.83,10.237.220.96,29191,40737,176,0,0,0,1
192.168.148.117,10.120.66.17,23655,25522,840,1,0,0,0
192.168.81.110,10.56.181.149,28267,5547,611,0,0,0,0
192.168.140.197,10.142.153.134,19528,44188,419,0,0,1,0
192.168.99.24,10.75.96.215,5627,16752,732,0,1,0,0
192.168.203.16,10.235.127.72,47457,55113,606,1,0,1,1
192.168.181.113,10.230.80.105,53383,16310,1236,1,0,0,1
192.168.64.61,10.174.137.172,54518,63437,197,0,0,1,1
192.168.214.12,10.26.118.235,31207,32473,1444,1,0,0,0
192.168.103.141,10.76.139.7,48223,47802,743,0,0,0,1
192.168.212.81,10.129.156.83,16143,26926,1008,1,0,1,1
192.168.5.254,10.216.12.230,481,39985,1487,1,0,1,0
192.168.174.201,10.42.250.120,39242,63231,1375,0,0,0,0
192.168.8.36,10.177.209.238,23555,40431,424,1,0,0,0
192.168.98.134,10.214.41.126,50606,49665,1402,0,0,1,1
192.168.214.15,10.153.125.128,57947,11994,1321,1,0,1,1
192.168.157.130,10.201.79.87,18999,970,753,0,1,1,1
192.168.161.83,10.216.14.98,14887,243,371,1,0,0,0
192.168.87.98,10.9.120.66,39932,46967,992,1,0,0,0
192.168.230.206,10.187.205.31,34577,45250,971,1,0,1,1
192.168.183.186,10.216.116.33,64327,6031,677,0,0,1,0
192.168.222.241,10.179.92.210,9365,7005,1351,0,1,1,1
192.168.164.135,10.129.210.159,30574,54344,240,0,0,1,1
192.168.148.172,10.199.19.110,26825,38655,287,1,0,0,1
192.168.23.168,10.231.212.124,8974,55000,1499,0,1,0,1
192.168.189.238,10.248.24.125,1154,61528,704,0,0,1,0
192.168.59.251,10.61.9.23,47826,23545,1395,1,0,1,1
192.168.169.186,10.12.97.193,54946,32951,894,0,0,0,1
192.168.151.2,10.233.77.93,52405,57819,526,1,0,0,0
192.168.8.105,10.145.35.177,29312,52241,806,1,0,1,1
192.168.249.198,10.167.76.112,47489,16876,1040,1,0,0,0
192.168.118.16,10.226.246.74,13311,53772,317,0,1,0,0
192.168.147.200,10.58.93.242,45719,34913,676,0,1,0,1
192.168.9.59,10.98.242.246,38934,18914,234,0,0,1,0
192.168.234.113,10.86.248.10,54534,43279,1224,0,1,0,0
192.168.138.40,10.133.216.2,35943,29492,567,1,0,0,1
192.168.74.60,10.35.186.224,13206,42027,865,1,0,0,0
192.168.147.199,10.106.92.14,22961,10295,360,1,0,0,1
192.168.10.151,10.117.21.202,27812,59494,458,0,1,0,1
192.168.116.224,10.181.114.222,27357,39209,214,0,1,1,1
192.168.196.89,10.77.55.2,9880,42498,570,1,0,0,1
192.168.133.204,10.165.154.213,32586,42468,1059,1,0,0,0
192.168.12.186,10.160.234.178,33974,21933,966,1,0,1,0
192.168.2.10,10.56.166.175,48725,54438,1047,0,1,0,1
192.168.166.137,10.112.87.77,55225,26044,219,1,0,0,0
192.168.130.180,10.103.94.169,60903,31726,538,0,0,0,0
192.168.36.55,10.254.7.73,33428,19945,1258,1,0,0,0
192.168.33.225,10.238.216.246,13699,39786,1268,1,0,1,0
192.168.82.80,10.196.193.220,20355,52115,239,1,0,0,0
192.168.108.178,10.85.31.189,39343,61632,1015,1,0,0,0
192.168.195.141,10.81.62.192,29635,25825,661,1,0,0,1
192.168.80.124,10.114.46.232,6260,64071,743,0,0,1,1
192.168.147.120,10.138.188.19,32696,48688,899,0,1,1,0
192.168.63.131,10.204.250.231,16513,43104,1123,1,0,1,1
192.168.158.3,10.141.4.175,48773,5319,1166,0,0,0,1
192.168.125.122,10.161.71.144,3208,50313,1098,0,0,0,0
192.168.109.81,10.208.216.37,15467,41090,968,0,1,0,1
192.168.195.118,10.57.120.11,46376,39549,718,0,0,1,0
192.168.55.39,10.18.208.137,34210,8443,255,0,1,0,0
192.168.147.153,10.57.55.88,48003,56878,1419,0,0,0,0
192.168.228.6,10.146.138.100,37530,41046,1111,1,0,1,0
192.168.174.22,10.246.191.253,5216,26218,1108,1,0,0,1
192.168.126.99,10.21.213.96,9625,22277,341,1,0,0,1
192.168.44.197,10.32.226.209,29182,19850,293,0,0,1,0
192.168.100.233,10.213.79.35,44893,36677,119,1,0,1,1
192.168.71.222,10.171.173.55,726,20638,1191,1,0,0,0
192.168.38.141,10.40.246.22,30579,57371,990,1,0,0,0
192.168.11.164,10.178.121.129,53578,50532,1045,0,1,0,0
192.168.30.126,10.238.213.217,42711,60167,1175,1,0,0,0
192.168.30.91,10.193.251.81,1594,7031,588,0,1,0,1
192.168.124.3,10.64.225.211,10270,11748,616,1,0,0,1
192.168.160.201,10.216.46.163,40620,44699,799,0,1,0,0
192.168.143.155,10.94.203.121,58729,61495,658,0,1,1,1
192.168.93.114,10.160.249.6,48530,11592,263,0,0,1,0
192.168.111.98,10.113.168.156,64032,11524,607,1,0,1,1
192.168.242.54,10.43.230.124,35433,37854,137,1,0,0,1
192.168.3.94,10.148.36.204,31738,22121,142,0,1,1,0
192.168.178.183,10.134.73.171,55526,42089,168,1,0,1,1
192.168.127.195,10.104.183.68,4356,33853,1196,1,0,0,0
192.168.1.63,10.219.135.56,51108,14381,1007,0,1,1,0
192.168.231.175,10.116.93.206,51306,22129,181,0,0,1,0
192.168.137.214,10.136.192.219,54887,39337,774,1,0,0,1
192.168.137.50,10.184.141.31,32284,41166,1431,0,1,0,0
192.168.47.34,10.173.125.167,57024,4411,1322,0,1,0,0
192.168.0.88,10.174.77.37,59744,20065,1343,0,0,0,1
192.168.131.85,10.121.53.138,21721,23036,555,0,0,0,0
192.168.18.50,10.42.18.27,37609,21000,946,1,0,0,1
192.168.12.67,10.63.152.191,64374,20547,695,1,0,1,1
192.168.86.139,10.89.200.170,22789,54064,1191,0,0,0,1
192.168.11.121,10.217.95.193,2101,32898,755,0,1,1,1
192.168.126.73,10.78.55.145,46600,11296,1229,0,1,1,0
192.168.163.10,10.19.166.239,55555,42125,375,0,1,1,1
192.168.222.186,10.240.194.38,37392,36406,682,1,0,1,1
192.168.28.95,10.229.150.5,60778,17814,138,0,0,1,1
192.168.30.95,10.238.202.178,43648,38620,677,0,1,0,1
192.168.114.154,10.174.12.178,49956,43099,533,1,0,1,1
192.168.23.251,10.99.189.90,17268,39379,112,0,1,0,0
192.168.70.15,10.213.67.211,49547,50035,254,0,1,0,0
192.168.208.27,10.104.42.46,3163,11231,416,0,1,1,1
192.168.176.76,10.108.232.234,33888,56551,299,1,0,0,0
192.168.161.163,10.30.155.21,54386,53356,1436,1,0,0,0
192.168.93.233,10.49.16.14,4515,37234,638,1,0,1,0
192.168.207.138,10.22.66.184,56171,47965,1080,0,0,0,0
192.168.168.232,10.225.152.35,29993,34521,632,1,0,0,0
192.168.100.201,10.214.133.218,24579,3659,1107,1,0,1,0
192.168.22.73,10.111.144.220,63793,65214,847,1,0,0,0
192.168.57.224,10.200.246.2,64592,9643,862,0,0,0,0
192.168.33.142,10.38.49.250,20982,27664,1247,0,0,0,1
192.168.250.74,10.35.210.118,61962,30916,611,1,0,0,1
192.168.178.215,10.20.214.93,54095,15426,1365,1,0,0,0
192.168.75.251,10.17.148.221,24342,5267,1105,1,0,1,1
192.168.230.187,10.152.178.19,12211,39863,883,1,0,1,1
192.168.119.186,10.216.217.55,21149,56703,750,0,1,1,0
192.168.181.171,10.12.203.215,14143,62070,199,0,1,0,1
192.168.127.193,10.34.213.159,23871,18058,699,1,0,1,1
192.168.192.129,10.207.15.6,56511,2791,993,0,0,1,1
192.168.47.90,10.92.47.221,39322,35352,332,1,0,1,1
192.168.120.215,10.230.71.177,61083,5501,404,1,0,0,1
192.168.141.105,10.102.34.58,60254,37348,601,1,0,0,1
192.168.244.94,10.240.1.114,54255,42240,247,0,0,1,0
192.168.82.90,10.152.163.240,44245,53391,1236,0,0,1,1
192.168.130.12,10.211.225.190,11310,33824,443,1,0,0,0
192.168.65.238,10.247.200.96,39001,38588,365,1,0,1,0
192.168.255.145,10.88.199.17,42165,9815,1063,1,0,1,1
192.168.215.141,10.171.172.171,52376,21893,1162,1,0,1,0
192.168.29.12,10.28.142.77,21463,20880,366,0,1,0,0
192.168.183.30,10.82.150.209,48211,24259,985,1,0,1,1
192.168.120.184,10.237.245.17,9480,34015,507,1,0,0,1
192.168.18.222,10.222.50.70,30863,35355,700,0,1,1,0
192.168.170.87,10.208.140.36,53022,5782,1373,0,1,1,0
192.168.126.134,10.233.229.61,47149,4503,122,0,1,0,1
192.168.231.242,10.250.9.77,53565,13292,1392,0,1,0,1
192.168.62.17,10.33.209.133,44002,13235,950,0,1,0,1
192.168.112.74,10.145.226.167,48612,52358,744,1,0,0,0
192.168.189.236,10.104.136.95,33988,40072,1012,0,1,1,1
192.168.25.243,10.143.148.161,63657,4511,1459,0,0,1,0
192.168.153.153,10.197.43.40,21209,49708,820,0,1,0,1
192.168.119.184,10.156.197.26,39157,27725,615,1,0,1,0
192.168.203.146,10.4.186.98,49217,27265,331,1,0,1,0
192.168.230.32,10.131.170.220,35788,49101,1306,1,0,1,0
192.168.110.110,10.212.72.129,17938,22899,1145,0,1,0,0
192.168.186.162,10.117.86.251,12524,30368,902,0,1,0,1
192.168.118.245,10.220.98.219,7167,7117,430,1,0,0,0
192.168.28.157,10.118.207.24,8598,34416,718,0,0,1,1
192.168.122.137,10.38.179.43,55665,56088,1423,1,0,1,1
192.168.251.176,10.111.180.209,18310,16586,307,1,0,0,0
192.168.59.161,10.207.236.25,40891,11089,258,0,1,0,1
192.168.78.108,10.22.149.173,41885,43577,99,0,0,0,0
192.168.84.91,10.239.182.32,53893,34778,736,1,0,1,1
192.168.254.9,10.94.168.125,58423,59590,1094,0,0,0,0
192.168.98.35,10.50.161.28,38062,60284,307,1,0,1,0
192.168.230.49,10.119.25.194,10441,30273,336,0,1,0,1
192.168.163.216,10.59.208.123,7289,51479,362,1,0,0,1
192.168.165.156,10.124.88.73,37945,50271,992,0,0,0,1
192.168.32.131,10.25.81.80,42,36548,1046,0,1,1,0
192.168.158.173,10.37.127.1,40885,28594,762,1,0,0,1
192.168.223.246,10.233.26.45,18219,55517,902,1,0,1,1
192.168.202.19,10.102.240.14,273,42299,125,1,0,1,0
192.168.32.107,10.77.53.174,13869,44845,383,1,0,1,1
192.168.104.125,10.63.155.69,48967,11119,1335,0,0,0,1
192.168.254.254,10.123.10.111,14934,42758,70,1,0,1,0
192.168.198.190,10.10.83.197,64427,7957,155,0,0,0,0
192.168.171.186,10.21.122.42,23048,30741,1047,1,0,1,0
192.168.125.219,10.196.235.173,7626,56763,1058,0,1,0,0
192.168.81.28,10.235.155.47,33425,8178,1339,1,0,0,1
192.168.100.65,10.170.182.117,38556,14191,490,1,0,1,0
192.168.126.121,10.199.155.164,56993,7006,362,0,1,1,1
192.168.224.28,10.82.249.250,46919,12981,221,1,0,1,1
192.168.164.215,10.239.223.75,22930,5463,1420,0,1,1,1
192.168.102.37,10.85.235.251,39153,36985,449,0,0,0,1
192.168.114.118,10.39.67.248,3388,9212,844,1,0,1,0
192.168.43.51,10.194.134.198,31219,2717,1117,0,0,0,1
192.168.162.152,10.86.98.74,26751,42119,1183,1,0,1,1
192.168.243.125,10.3.154.85,9724,29710,874,1,0,1,0
192.168.99.134,10.58.188.164,12384,49603,1244,0,0,1,0
192.168.144.88,10.114.106.223,50064,47997,1401,1,0,1,1
192.168.114.190,10.60.1.236,2791,19868,1058,1,0,0,1
192.168.60.220,10.171.75.7,65234,28907,1465,0,1,0,1
192.168.179.28,10.20.69.177,59114,11129,661,0,1,1,1
192.168.85.139,10.130.41.1,42801,27322,661,1,0,0,1
192.168.89.5,10.209.147.39,21674,17477,1439,0,1,1,0
192.168.215.30,10.102.254.106,16257,41425,670,0,1,0,0
192.168.33.97,10.158.170.4,26150,3346,95,1,0,0,1
192.168.245.93,10.227.156.235,1936,28184,1464,1,0,0,1
192.168.1.233,10.178.236.207,40597,55231,297,1,0,1,1
192.168.115.190,10.18.29.223,51577,54952,1109,1,0,1,0
192.168.74.134,10.194.200.119,16398,3879,325,1,0,1,1
192.168.215.124,10.149.83.22,731,19237,1471,1,0,0,0
192.168.80.210,10.197.241.67,39498,43419,855,1,0,0,0
192.168.137.241,10.203.231.166,16305,3673,1009,0,1,0,1
192.168.121.177,10.3.89.82,37185,55713,671,0,0,1,0
192.168.182.83,10.47.46.117,22088,21731,851,1,0,0,0
192.168.8.87,10.66.180.30,32887,38088,1106,1,0,0,0
192.168.174.14,10.245.92.36,40676,26150,316,1,0,0,0
192.168.0.140,10.119.125.113,890,62898,552,0,0,0,1
192.168.131.44,10.238.26.193,19373,37410,968,1,0,0,1
192.168.229.154,10.96.26.154,53033,34313,230,0,1,1,0
192.168.119.72,10.166.237.115,20704,3828,1091,1,0,0,0
192.168.167.181,10.172.11.96,46468,14987,1137,0,1,0,0
192.168.220.63,10.188.137.253,5863,21014,767,0,1,0,1
192.168.234.64,10.22.43.192,45585,23097,187,1,0,1,0
192.168.134.23,10.21.206.49,61864,34715,1343,1,0,0,1
192.168.110.238,10.8.174.58,34010,60359,1362,0,1,0,0
192.168.33.31,10.162.122.161,6935,26131,1376,1,0,1,0
192.168.105.213,10.140.193.137,48756,15705,1023,1,0,0,0
192.168.33.176,10.147.104.93,60828,38534,360,0,0,0,0
192.168.121.85,10.73.84.217,45162,33764,513,0,1,0,1
192.168.12.66,10.238.210.188,52918,29502,1091,1,0,0,1
192.168.216.48,10.22.157.13,5147,22934,602,0,0,0,0
192.168.131.193,10.111.153.166,44793,19887,1426,1,0,1,1
192.168.228.51,10.177.167.190,15397,35114,243,0,0,1,1
192.168.238.230,10.193.61.45,18082,61760,626,0,0,1,0
192.168.138.128,10.235.213.120,25859,32368,594,1,0,0,0
192.168.22.31,10.60.155.186,11027,38579,768,1,0,1,0
192.168.26.53,10.224.6.106,25868,47153,1339,0,1,1,1
192.168.35.25,10.151.128.61,54978,35504,1384,0,0,0,0
192.168.183.36,10.149.207.164,9530,61279,479,0,1,1,0
192.168.82.176,10.5.121.172,9252,41736,772,1,0,0,0
192.168.119.216,10.11.226.94,650,49495,176,0,1,1,1
192.168.175.129,10.183.184.59,8323,26822,579,1,0,1,0
192.168.45.123,10.223.83.110,44515,54947,1456,0,1,1,0
192.168.32.7,10.224.203.67,40890,25938,665,0,0,0,1
192.168.231.119,10.189.209.202,2033,59064,949,0,0,0,1
192.168.221.85,10.216.132.70,64348,5831,1216,1,0,0,0
192.168.76.231,10.240.186.134,51413,46605,1402,0,0,1,0
192.168.56.121,10.228.71.150,32464,38483,1434,0,1,1,0
192.168.174.29,10.182.70.193,52375,39666,1313,1,0,0,1
192.168.119.83,10.236.196.239,31153,64136,1428,0,0,0,0
192.168.0.223,10.72.47.64,2228,18886,666,0,1,0,1
192.168.173.90,10.122.152.97,5126,23459,1337,1,0,0,1
192.168.132.37,10.136.69.178,2423,12062,398,0,0,0,0
192.168.61.248,10.187.155.193,42431,46760,554,0,0,1,0
192.168.232.195,10.199.157.213,31342,41856,999,0,1,1,0
192.168.63.191,10.98.158.53,58404,48736,1243,0,1,1,0
192.168.172.135,10.180.160.193,58636,13052,521,0,0,0,1
192.168.74.79,10.233.244.131,35651,27022,338,1,0,0,1
192.168.197.173,10.208.200.88,24144,11758,221,0,1,1,0
192.168.50.100,10.78.25.191,33449,42764,1486,1,0,0,1
192.168.14.16,10.224.143.86,34310,22942,1139,1,0,0,0
192.168.81.3,10.209.93.116,13393,9886,1373,0,1,0,0
192.168.127.197,10.164.6.141,24578,25058,145,0,0,0,0
192.168.76.208,10.61.69.219,22046,34966,906,1,0,0,1
192.168.0.221,10.56.252.141,58537,44083,742,1,0,0,1
192.168.248.197,10.26.78.51,870,43391,789,1,0,0,1
192.168.18.58,10.137.133.179,32842,588,1437,1,0,1,1
192.168.200.143,10.166.127.109,28269,38989,984,1,0,0,1
192.168.138.101,10.46.196.193,27977,38759,1294,0,0,0,0
192.168.235.121,10.83.39.119,30964,4933,1026,0,1,0,0
192.168.117.156,10.31.114.70,333,43876,883,0,1,1,1
192.168.148.245,10.33.141.112,29797,2107,87,0,1,1,0
192.168.106.173,10.183.90.209,57188,43090,538,0,0,0,1
192.168.114.161,10.59.185.19,44739,38267,154,0,0,1,1
192.168.134.60,10.164.230.223,9897,59381,354,0,0,0,1
192.168.50.13,10.11.246.150,19944,2943,1022,0,0,1,0
192.168.84.82,10.194.103.249,44031,11357,301,0,0,0,1
192.168.44.144,10.140.76.119,43300,47933,624,0,1,0,1
192.168.163.24,10.193.250.6,4515,40611,159,0,0,0,1
192.168.33.96,10.158.175.228,7334,29731,641,1,0,1,1
192.168.28.30,10.77.183.150,7477,58837,624,1,0,0,0
192.168.248.77,10.136.249.111,63603,63543,466,0,1,1,0
192.168.96.237,10.189.56.157,57636,4317,201,1,0,1,1
192.168.170.132,10.245.132.155,61174,41859,735,0,1,0,0
192.168.216.4,10.248.29.248,41122,24364,879,1,0,1,1
192.168.2.169,10.101.61.25,6770,45298,1294,1,0,1,0
192.168.33.70,10.132.92.166,40754,11687,1204,0,0,0,0
192.168.184.187,10.142.116.234,25881,3453,103,1,0,1,1
192.168.30.147,10.109.180.139,24152,37222,1081,1,0,0,1
192.168.138.116,10.202.34.30,610,2397,531,1,0,1,1
192.168.64.26,10.178.243.148,9282,10614,737,0,1,0,0
192.168.218.71,10.152.144.145,9938,1679,404,1,0,0,0
192.168.176.32,10.46.167.245,45082,37475,1212,0,0,1,0
192.168.0.118,10.244.70.133,13796,30782,96,1,0,1,1
192.168.218.75,10.218.32.161,1486,36773,591,0,1,0,1
192.168.144.138,10.72.240.158,60667,12338,568,1,0,0,1
192.168.182.65,10.226.125.20,56316,10678,1200,0,0,1,1
192.168.52.150,10.8.51.2,57354,34272,354,1,0,1,0
192.168.34.224,10.123.53.182,34836,17470,763,0,1,0,1
192.168.128.18,10.254.57.3,628,24955,288,0,1,0,0
192.168.132.30,10.4.30.86,57843,51753,176,0,1,1,0
192.168.81.8,10.186.62.11,8543,294,83,1,0,1,0
192.168.56.126,10.115.159.140,53671,2278,1084,0,0,1,0
192.168.35.97,10.70.153.250,22366,37522,936,0,0,1,0
192.168.131.29,10.170.183.129,307,28646,92,0,0,1,0
192.168.254.41,10.174.61.196,21179,48371,1187,1,0,0,0
192.168.161.161,10.197.2.58,64691,36336,506,0,1,0,0
192.168.118.90,10.101.41.139,38480,38164,539,1,0,0,1
192.168.175.51,10.162.250.96,62041,65014,734,1,0,1,0
192.168.224.30,10.71.15.161,44988,22237,959,1,0,1,1
192.168.78.42,10.197.104.181,42658,39236,689,0,1,1,1
192.168.241.67,10.67.127.32,30299,16468,1474,0,0,0,0
192.168.153.47,10.111.237.3,12235,61208,1254,0,1,0,0
192.168.149.28,10.17.65.179,25112,3516,504,1,0,1,0
192.168.193.48,10.117.87.74,27977,64745,1198,0,0,0,1
192.168.23.212,10.64.225.154,60957,37248,496,0,1,1,1
192.168.2.17,10.232.213.157,1863,45775,701,0,0,0,0
192.168.15.13,10.174.212.120,41660,10767,722,1,0,0,0
192.168.243.216,10.174.201.70,18279,13312,1152,1,0,1,0
192.168.144.27,10.61.59.114,63433,18671,742,0,1,1,0
192.168.203.220,10.78.141.29,51384,9725,217,1,0,1,0
192.168.243.175,10.12.28.79,15943,48616,1424,0,1,1,0
192.168.49.5,10.50.82.195,19865,14301,899,0,1,1,1
192.168.173.219,10.17.54.220,43466,6777,1326,1,0,0,1
192.168.21.137,10.45.62.238,8860,20254,1038,1,0,0,0
192.168.184.3,10.45.144.12,3920,10257,1438,0,0,1,0
192.168.167.53,10.240.67.78,27585,10923,209,1,0,1,0
192.168.195.182,10.50.49.7,36777,19046,227,0,1,0,0
192.168.228.98,10.239.66.42,54152,15600,1206,1,0,0,0
192.168.159.65,10.18.129.237,11045,35522,217,1,0,0,0
192.168.210.126,10.32.17.5,57743,44804,363,1,0,0,1
192.168.162.110,10.254.25.10,44967,15770,503,1,0,1,1
192.168.223.126,10.191.228.210,15035,41303,1293,0,1,1,1
192.168.29.175,10.8.12.143,18042,64279,791,0,0,0,0
192.168.81.209,10.160.101.61,48237,24444,756,0,0,1,1
192.168.93.126,10.165.20.235,49540,932,1282,0,0,0,0
192.168.157.123,10.104.167.205,11944,60368,547,0,0,0,0
192.168.117.244,10.6.47.152,2831,14387,1157,1,0,1,1
192.168.252.26,10.221.155.67,34746,38839,264,0,1,0,0
192.168.127.241,10.157.82.26,15835,15312,619,1,0,1,0
192.168.218.93,10.32.130.59,45372,64444,1203,0,1,0,1
192.168.55.175,10.241.188.84,13154,41178,155,0,1,0,0
192.168.117.244,10.31.133.127,1931,32665,881,1,0,0,0
192.168.73.146,10.182.162.49,39166,10736,1158,1,0,1,0
192.168.57.16,10.51.219.39,34184,23882,651,1,0,1,0
192.168.65.112,10.178.77.2,24604,29858,646,1,0,1,1
192.168.55.30,10.188.228.180,17594,37926,735,0,1,0,1
192.168.5.118,10.38.147.79,47091,27856,1412,1,0,1,1
192.168.249.126,10.238.114.98,49665,36309,1288,0,1,0,1
192.168.212.93,10.29.150.65,4729,60897,716,0,1,0,0
192.168.247.134,10.243.176.93,27881,26591,1124,1,0,0,1
192.168.82.185,10.191.202.174,8393,13604,1494,1,0,1,0
192.168.199.214,10.87.127.231,42534,22601,1426,1,0,0,1
192.168.223.215,10.136.132.52,61668,37933,866,0,1,1,1
192.168.139.93,10.152.155.234,37871,12579,1357,0,0,0,0
192.168.142.58,10.46.244.39,14645,1164,1141,1,0,1,0
192.168.125.180,10.160.233.32,17842,59495,100,0,1,1,1
192.168.222.131,10.125.85.40,58297,13272,806,0,1,1,0
192.168.142.150,10.243.50.210,7589,50364,1126,0,0,0,0
192.168.210.94,10.79.162.158,39654,49709,1390,0,0,1,1
192.168.92.186,10.227.248.104,9517,5538,101,1,0,1,0
192.168.112.119,10.196.85.167,8833,48371,483,1,0,0,1
192.168.105.106,10.28.227.12,28409,7704,1351,0,0,0,1
192.168.96.237,10.25.125.122,26351,44875,1100,0,0,1,0
192.168.172.5,10.255.206.156,62251,35296,1191,0,0,1,1
192.168.156.2,10.197.247.52,1137,1843,1113,1,0,0,0
192.168.105.120,10.8.12.8,18581,5649,779,0,0,1,0
192.168.27.215,10.173.165.49,2083,42850,666,0,0,0,0
192.168.76.47,10.107.127.17,32279,65039,1408,0,1,1,1
192.168.10.66,10.220.76.74,24762,50283,722,0,0,0,1
192.168.225.188,10.170.176.109,53439,35996,782,1,0,1,1
192.168.236.215,10.72.32.132,61187,47790,77,1,0,0,0
192.168.84.139,10.92.33.234,44320,19680,1191,1,0,1,0
192.168.250.88,10.131.31.240,36672,60720,349,0,1,1,1
192.168.122.229,10.22.39.79,60821,63599,1362,0,0,0,1
192.168.184.24,10.131.83.102,49860,31697,937,1,0,0,0
192.168.146.95,10.17.26.195,25025,5371,581,0,0,1,1
192.168.181.52,10.212.108.180,1793,32822,527,0,0,1,1
192.168.194.247,10.57.109.143,40466,45319,626,0,1,0,0
192.168.243.243,10.153.20.217,39898,52483,1151,1,0,1,0
192.168.100.174,10.71.68.136,57473,1630,1122,0,0,1,1
192.168.77.175,10.181.84.106,7280,63520,1183,0,1,1,0
192.168.174.93,10.173.45.114,9474,38733,1433,0,1,0,0
192.168.142.195,10.107.115.95,4371,19658,855,0,0,1,1
192.168.113.252,10.195.9.178,28058,6143,566,0,1,1,1
192.168.43.132,10.149.185.82,35633,30271,1211,1,0,0,0
192.168.108.17,10.195.30.109,37718,21971,1124,0,0,0,1
192.168.207.24,10.253.98.135,61834,56278,1412,1,0,1,0
192.168.167.123,10.251.89.193,45738,38814,616,0,1,1,0
192.168.80.188,10.250.44.173,63292,37922,804,1,0,0,1
192.168.130.251,10.83.213.33,13925,42217,1023,1,0,1,0
192.168.71.153,10.137.173.20,50180,38820,1348,0,1,1,0
192.168.168.10,10.179.216.225,25781,6478,1008,1,0,1,0
192.168.30.77,10.232.43.29,25333,1870,1286,0,1,1,0
192.168.171.244,10.180.202.138,6515,56816,1330,1,0,0,1
192.168.196.26,10.115.24.201,1642,23167,964,1,0,1,1
192.168.183.230,10.41.73.226,2768,55494,510,0,0,0,0
192.168.143.38,10.54.214.227,921,23174,661,1,0,0,1
192.168.137.133,10.86.69.70,42706,43164,881,0,1,1,1
192.168.122.3,10.121.150.84,36578,52326,379,0,1,1,0
192.168.191.193,10.234.126.171,9080,55516,902,1,0,1,1
192.168.158.133,10.84.109.17,58931,53275,1342,1,0,0,1
192.168.85.161,10.236.25.88,21171,54745,609,0,0,1,1
192.168.116.7,10.41.129.113,15055,2116,1142,0,0,0,0
192.168.226.58,10.40.237.249,24273,37177,304,1,0,0,1
192.168.100.145,10.200.164.117,23353,47238,414,1,0,0,0
192.168.26.174,10.153.116.210,6376,61822,312,0,0,0,0
192.168.76.205,10.146.43.99,3506,45685,123,0,1,0,0
192.168.137.81,10.93.170.102,25180,44090,748,1,0,0,0
192.168.69.103,10.170.120.172,54091,62027,404,1,0,1,0
192.168.198.192,10.165.101.72,3999,25784,254,1,0,0,1
192.168.200.95,10.225.48.169,31003,51003,1360,1,0,0,0
192.168.152.115,10.156.47.89,37159,47725,141,0,0,0,1
192.168.40.22,10.249.143.10,58425,54072,606,0,0,0,1
192.168.108.128,10.65.237.6,28911,3954,1299,1,0,1,1
192.168.213.150,10.80.172.51,44342,28836,144,1,0,1,0
192.168.214.132,10.36.118.121,21588,64352,345,0,1,1,0
192.168.190.208,10.67.92.52,25787,21723,1317,0,0,1,1
192.168.195.40,10.251.155.89,40630,25242,536,1,0,1,1
192.168.196.58,10.60.202.47,63142,22827,721,0,1,0,1
192.168.214.104,10.214.90.247,55427,52857,182,1,0,0,0
192.168.64.154,10.123.202.10,9094,41679,1275,0,0,0,0
192.168.104.204,10.105.130.209,13134,9746,239,1,0,0,1
192.168.77.77,10.156.47.246,15435,35163,667,1,0,0,1
192.168.243.13,10.114.220.154,2473,26157,880,1,0,0,1
192.168.170.40,10.241.15.191,48372,49347,1038,0,1,1,0
192.168.113.190,10.112.176.166,52686,59019,1466,0,1,0,0
192.168.31.192,10.217.62.218,30742,3837,1288,1,0,1,0
192.168.32.86,10.251.197.116,43696,24810,815,0,0,0,1
192.168.38.30,10.106.142.93,51043,53511,957,0,0,0,1
192.168.176.5,10.96.91.48,52249,48906,789,0,1,1,1
192.168.243.85,10.147.237.100,12892,37180,364,1,0,0,1
192.168.142.76,10.31.220.172,64075,58597,1230,0,0,1,0
192.168.175.5,10.157.215.181,35364,8203,1108,0,0,1,0
192.168.95.165,10.77.66.173,21764,48037,873,0,0,1,1
192.168.246.198,10.226.212.155,62817,47123,400,0,1,0,0
192.168.33.31,10.68.74.65,29090,57040,434,1,0,1,0
192.168.164.231,10.95.62.36,43020,28311,1099,1,0,1,0
192.168.179.211,10.97.33.223,57507,33418,676,0,0,0,0
192.168.29.212,10.176.98.121,40568,29576,127,1,0,0,1
192.168.191.37,10.245.168.164,59393,50435,672,1,0,1,1
192.168.131.205,10.242.17.41,38798,50365,292,0,1,1,1
192.168.120.64,10.110.240.124,40655,54523,353,1,0,1,0
192.168.232.199,10.126.5.83,17952,15622,1433,1,0,0,1
192.168.146.56,10.102.104.249,34612,4714,698,0,1,1,0
192.168.186.236,10.136.195.224,12017,17035,1379,1,0,1,0
192.168.221.109,10.137.24.167,7057,62209,856,0,0,1,0
192.168.69.208,10.186.51.80,5716,44411,938,1,0,0,0
192.168.65.148,10.228.136.206,43229,46974,1297,1,0,0,1
192.168.65.89,10.23.251.194,24393,54963,863,1,0,1,1
192.168.170.125,10.192.178.41,38677,49670,685,1,0,1,1
192.168.190.81,10.218.254.218,34446,64095,400,1,0,1,0
192.168.1.178,10.154.226.55,992,57649,452,0,1,1,1
192.168.11.148,10.232.222.83,8612,12224,1445,0,0,0,1
192.168.124.10,10.226.112.112,37468,46732,1447,1,0,0,1
192.168.52.178,10.63.156.37,4431,44673,378,0,0,1,1
192.168.142.24,10.146.197.209,24632,15759,521,1,0,0,0
192.168.150.18,10.241.195.69,46830,47869,392,0,0,1,0
192.168.120.216,10.172.4.144,53490,28824,1333,0,1,0,0
192.168.219.166,10.143.244.73,8938,41419,894,0,1,0,1
192.168.250.233,10.1.203.94,25240,8207,414,1,0,0,0
192.168.34.68,10.198.48.185,33894,11252,1183,1,0,0,1
192.168.108.24,10.45.237.172,2547,13144,148,0,1,1,1
192.168.203.180,10.15.95.181,49677,12582,585,1,0,0,1
192.168.159.88,10.27.129.137,60839,37294,433,0,1,1,1
192.168.217.11,10.186.98.233,56385,45487,378,1,0,1,1
192.168.136.68,10.139.147.28,17354,24575,681,1,0,0,0
192.168.0.162,10.229.209.241,7142,8343,932,0,0,0,1
192.168.232.251,10.43.194.148,26557,25950,659,0,1,1,0
192.168.184.211,10.166.90.219,45663,13113,404,1,0,0,1
192.168.80.51,10.100.112.74,10841,13219,1491,1,0,1,1
192.168.131.194,10.222.126.244,62500,64721,422,1,0,1,1
192.168.153.220,10.236.252.105,45888,23930,172,1,0,0,1
192.168.220.131,10.163.100.151,40525,62454,571,1,0,0,1
192.168.124.112,10.228.182.232,13457,29264,774,1,0,1,1
192.168.58.209,10.189.249.40,55409,48650,220,0,1,1,1
192.168.142.253,10.133.42.140,59869,4842,565,1,0,1,0
192.168.214.149,10.108.51.138,44467,55857,77,0,1,0,0
192.168.17.42,10.107.156.88,65377,18407,1390,0,1,1,0
192.168.236.92,10.117.19.139,2580,25968,635,1,0,0,1
192.168.174.112,10.244.138.237,9275,49705,528,1,0,0,0
192.168.101.36,10.43.163.165,16196,63601,216,0,0,0,0
192.168.1.136,10.91.175.208,30694,57078,1009,1,0,1,0
192.168.134.99,10.212.96.186,58222,27890,251,0,0,1,1
192.168.105.55,10.153.17.165,58230,15297,1118,1,0,0,0
192.168.102.111,10.249.14.132,23105,65462,1333,0,0,1,0
192.168.61.143,10.83.154.11,20183,38155,1478,1,0,1,0
192.168.6.41,10.163.0.11,32250,35253,1003,0,1,0,1
192.168.17.231,10.231.122.110,59541,62523,435,1,0,1,0
192.168.172.172,10.253.47.224,2579,31559,1438,0,0,1,1
192.168.159.230,10.191.169.112,23171,11832,310,1,0,1,0
192.168.41.50,10.63.216.21,37320,19921,1488,0,0,1,0
192.168.82.185,10.105.19.46,51019,40984,1178,0,0,1,1
192.168.203.102,10.106.212.220,12231,54779,761,1,0,1,1
192.168.34.22,10.208.164.222,65332,40995,1296,0,1,0,1
192.168.14.114,10.235.115.46,64711,1860,272,1,0,1,0
192.168.121.38,10.103.233.118,63164,31025,628,0,1,1,0
192.168.100.52,10.30.33.171,24588,21379,137,0,0,1,0
192.168.62.30,10.119.73.246,11649,46897,457,0,1,1,0
192.168.140.120,10.30.222.163,47589,53667,254,1,0,0,0
192.168.133.85,10.42.156.211,15979,5213,1216,0,0,1,1
192.168.93.221,10.52.157.159,10865,19716,1237,1,0,0,0
192.168.228.60,10.229.56.28,720,20505,910,0,0,0,1
192.168.163.203,10.67.167.230,52870,48083,1008,1,0,1,0
192.168.164.201,10.127.57.41,37249,52225,1201,1,0,0,0
192.168.161.65,10.102.51.66,16894,11654,1240,0,1,0,1
192.168.185.225,10.37.187.14,18476,25613,1436,0,0,1,1
192.168.206.251,10.4.134.158,6012,21025,777,0,0,1,1
192.168.75.53,10.59.181.197,37032,60777,144,1,0,1,1
192.168.240.106,10.3.60.42,43012,34218,1320,1,0,0,0
192.168.32.108,10.21.244.189,56464,13595,722,1,0,1,0
192.168.239.229,10.229.25.134,63910,58591,1082,0,1,0,1
192.168.148.185,10.140.245.80,17713,37141,1401,0,0,0,0
192.168.34.54,10.54.195.103,34039,59174,1357,1,0,1,1
192.168.84.216,10.201.110.234,12506,46350,1053,0,0,0,1
192.168.168.241,10.75.206.78,59747,33403,192,0,1,0,1
192.168.148.243,10.36.148.189,60356,45609,448,0,1,1,1
192.168.129.175,10.160.37.104,45052,53149,1256,1,0,0,1
192.168.148.208,10.84.18.215,2047,31880,480,1,0,1,1
192.168.56.123,10.229.85.44,4113,19843,981,1,0,1,1
192.168.255.96,10.101.97.128,2830,45613,143,0,1,1,1
192.168.111.220,10.125.248.20,13149,3446,1365,1,0,1,1
192.168.160.101,10.198.34.169,45053,38797,817,1,0,0,0
192.168.15.219,10.118.193.233,54643,22819,1417,0,1,0,1
192.168.149.198,10.117.84.32,1150,48646,105,0,0,0,1
192.168.180.103,10.60.4.220,3398,31158,455,0,0,0,1
192.168.158.82,10.13.95.219,3140,14722,526,1,0,0,1
192.168.235.194,10.146.112.237,15498,7778,1481,1,0,1,1
192.168.14.38,10.235.237.84,57264,46132,107,0,0,0,0
192.168.201.13,10.188.170.56,47007,10582,1147,0,1,0,1
192.168.68.162,10.3.63.171,13077,64810,1139,1,0,0,1
192.168.1.94,10.34.12.197,43452,62555,1032,1,0,0,0
192.168.13.123,10.25.60.164,19405,52124,894,0,1,1,0
192.168.235.157,10.228.185.231,42089,34770,1438,1,0,1,0
192.168.190.118,10.2.215.202,31482,26688,992,1,0,0,0
192.168.153.98,10.193.51.86,29273,32850,491,0,0,0,1
192.168.132.155,10.178.231.31,15056,30420,1102,0,1,1,1
192.168.95.223,10.12.205.138,12178,24090,126,1,0,1,1
192.168.152.173,10.43.160.198,37786,63660,606,1,0,1,1
192.168.195.213,10.215.237.61,15445,34662,424,1,0,1,1
192.168.207.218,10.64.30.99,3326,13422,297,0,0,0,0
192.168.187.93,10.157.188.93,29500,6952,570,1,0,0,0
192.168.244.114,10.195.228.230,61306,36804,401,0,0,1,1
192.168.65.164,10.95.48.197,44390,20480,444,0,0,0,1
192.168.96.187,10.96.67.197,21281,44282,692,1,0,0,0
192.168.16.107,10.90.113.26,2484,12604,598,1,0,0,1
192.168.48.249,10.11.5.182,163,36129,788,1,0,1,0
192.168.160.69,10.45.251.202,47354,24910,819,1,0,1,0
192.168.212.68,10.217.54.251,1594,45226,432,0,0,0,0
192.168.20.199,10.1.44.32,8818,47173,708,1,0,0,1
192.168.47.162,10.175.94.223,63233,38425,1479,0,1,1,0
192.168.65.49,10.184.233.223,52757,18045,1188,1,0,1,0
192.168.10.253,10.192.152.149,53509,23387,1438,0,0,1,0
192.168.173.113,10.243.64.34,42550,25446,1373,1,0,1,0
192.168.254.180,10.0.51.30,29026,17011,1182,1,0,1,0
192.168.35.135,10.171.112.83,17657,6812,191,0,0,1,0
192.168.225.79,10.59.107.116,6378,3814,1419,0,1,0,0
192.168.99.163,10.183.157.62,65367,30397,730,0,0,1,0
192.168.128.203,10.101.224.148,39585,41277,1405,1,0,0,0
192.168.104.117,10.227.7.179,19538,49637,186,0,0,0,1
192.168.1.239,10.154.167.1,34568,22810,1226,0,1,0,1
192.168.216.158,10.198.32.152,51264,58536,1433,1,0,0,1
192.168.232.40,10.89.147.199,31461,1728,783,0,1,1,1
192.168.248.226,10.166.223.36,44381,21976,1326,1,0,0,1
192.168.196.196,10.137.39.99,16693,60391,1481,0,0,1,0
192.168.228.232,10.128.61.212,58255,64201,398,0,1,1,0
192.168.214.199,10.224.249.48,48399,33756,1456,1,0,0,1
192.168.217.194,10.254.99.146,63379,12938,1313,1,0,1,1
192.168.170.30,10.247.131.90,41232,9852,1070,0,0,1,1
192.168.175.107,10.240.24.77,49159,59107,433,1,0,0,1
192.168.67.49,10.122.73.253,10616,49125,1355,1,0,1,0
192.168.25.6,10.193.4.131,15939,64288,223,1,0,0,0
192.168.127.250,10.225.130.31,60080,6104,570,0,1,1,0
192.168.215.244,10.208.166.52,34364,15618,1263,1,0,0,1
192.168.15.236,10.113.243.222,50702,13507,432,1,0,0,0
192.168.81.207,10.135.155.34,6269,42037,1424,0,1,0,1
192.168.6.85,10.151.228.101,18677,58829,1366,1,0,1,1
192.168.97.32,10.145.111.49,61436,17255,1488,1,0,0,1
192.168.37.55,10.147.96.239,37354,25779,945,1,0,0,1
192.168.140.25,10.79.9.33,6356,42880,750,0,0,0,1
192.168.29.212,10.142.164.184,34670,21448,1075,0,0,1,0
192.168.5.195,10.159.88.239,53886,10925,962,0,1,0,0
192.168.65.138,10.63.62.131,54276,11469,1289,0,0,1,1
192.168.222.132,10.194.33.119,56089,59920,485,1,0,0,0
192.168.70.150,10.224.107.194,20180,48260,1013,0,0,1,0
192.168.76.113,10.134.156.207,53273,11518,1062,1,0,1,1
192.168.42.132,10.167.69.142,9422,20174,722,1,0,0,0
192.168.84.36,10.198.127.30,12283,54116,641,1,0,1,0
192.168.249.187,10.226.167.175,11957,44256,866,1,0,1,0
192.168.151.5,10.118.33.171,45864,4736,1441,0,0,1,0
192.168.146.182,10.179.236.122,42900,63323,805,1,0,1,0
192.168.8.228,10.11.184.25,40633,44698,1310,0,1,1,1
192.168.134.42,10.97.26.93,51464,50744,415,1,0,1,1
192.168.207.59,10.92.165.214,15691,26692,490,1,0,1,1
192.168.205.28,10.235.5.72,27471,45426,969,0,0,0,1
192.168.235.127,10.143.43.47,59101,32532,379,1,0,0,0
192.168.6.130,10.49.108.237,58040,76,291,0,1,0,1
192.168.195.135,10.117.199.164,7610,14360,620,0,0,1,0
192.168.87.152,10.34.109.230,57504,12246,456,1,0,0,1
192.168.57.175,10.165.45.193,63366,9319,483,1,0,0,1
192.168.64.233,10.154.135.155,12946,2063,1084,0,1,1,0
192.168.35.119,10.206.140.119,42834,59374,1351,0,1,1,0
192.168.254.19,10.147.122.14,17674,51461,1410,0,1,0,0
192.168.91.114,10.173.183.254,24667,63613,570,0,0,1,1
192.168.106.173,10.140.35.246,43106,48497,1247,1,0,0,1
192.168.179.132,10.115.181.228,40459,7581,1182,1,0,0,0
192.168.54.106,10.243.179.243,18111,48152,607,0,0,1,0
192.168.25.145,10.244.15.111,432,53664,745,1,0,0,0
192.168.94.212,10.106.192.159,54201,47418,1153,1,0,0,0
192.168.146.136,10.201.185.207,9423,48742,661,1,0,0,1
192.168.27.78,10.149.139.109,62052,50424,256,1,0,0,0
192.168.197.175,10.122.82.11,1377,41385,382,1,0,0,0
192.168.149.61,10.224.211.190,26165,15161,1015,1,0,0,0
192.168.205.118,10.51.202.209,59578,40171,1037,1,0,0,0
192.168.225.15,10.134.12.118,23018,23762,679,1,0,0,0
192.168.189.43,10.188.167.49,44661,39629,1457,1,0,1,1
192.168.254.161,10.163.21.51,62077,54844,562,0,0,1,1
192.168.254.248,10.207.53.142,5289,14310,540,1,0,0,1
192.168.197.62,10.177.181.76,34499,49185,1302,1,0,0,1
192.168.5.101,10.115.20.202,23812,50190,620,0,1,0,0
192.168.182.96,10.87.141.115,45692,63533,1251,1,0,0,0
192.168.173.229,10.217.2.121,8535,9134,707,1,0,0,1
192.168.168.18,10.237.6.92,53135,55585,96,1,0,1,1
192.168.97.20,10.134.46.29,39349,58288,1352,0,1,1,0
192.168.177.49,10.92.12.7,19727,15558,1479,1,0,0,0
192.168.145.228,10.228.250.206,60556,13287,1385,1,0,0,0
192.168.144.220,10.106.197.140,36866,54455,669,1,0,0,1
192.168.163.251,10.219.78.192,40864,13891,930,1,0,0,0
192.168.183.53,10.235.176.58,10374,46580,942,1,0,0,0
192.168.22.26,10.77.133.44,11880,28760,1371,1,0,0,0
192.168.226.116,10.115.168.139,23342,25982,759,0,1,0,0
192.168.52.227,10.234.109.44,22126,30713,669,0,1,1,1
192.168.104.180,10.117.14.96,5573,7634,1370,0,1,1,1
192.168.75.168,10.44.241.37,59373,59066,1030,0,0,0,1
192.168.171.32,10.175.116.137,13476,41971,918,0,0,0,1
192.168.55.101,10.173.149.87,623,14662,170,1,0,1,0
192.168.159.166,10.71.228.108,54743,63187,1407,0,0,0,1
192.168.59.94,10.174.219.222,56449,17465,383,1,0,0,1
192.168.21.143,10.19.17.238,36159,748,1288,1,0,0,0
192.168.45.138,10.71.213.82,54459,57579,728,1,0,1,0
192.168.139.244,10.149.81.251,39682,36447,1183,0,0,0,0
192.168.188.149,10.204.129.20,4604,37671,875,1,0,0,1
192.168.122.17,10.235.86.36,42965,63577,835,0,0,1,1
192.168.146.165,10.72.72.12,12213,30234,336,1,0,1,0
192.168.225.138,10.85.11.173,39009,7392,649,0,1,0,1
192.168.102.239,10.1.149.252,44828,28287,254,0,1,1,1
192.168.248.86,10.115.254.216,56778,26988,454,0,0,0,1
192.168.37.115,10.103.12.165,63964,11890,1134,1,0,0,1
192.168.230.35,10.107.193.82,19796,38438,507,1,0,0,0
192.168.171.118,10.90.54.195,6541,57645,549,1,0,0,0
192.168.124.109,10.222.201.112,2599,22405,445,1,0,1,0
192.168.252.192,10.184.24.222,12593,27770,1288,0,0,1,0
192.168.87.223,10.111.218.96,23045,8182,1109,0,0,1,1
192.168.160.248,10.104.31.30,50264,41605,1104,1,0,0,0
192.168.25.107,10.43.118.173,12603,63246,138,0,1,0,1
192.168.115.19,10.178.178.38,37023,35229,343,0,1,1,0
192.168.175.173,10.106.49.113,35016,15202,443,0,1,0,1
192.168.189.54,10.160.124.86,33874,9094,69,1,0,1,1
192.168.75.51,10.219.142.116,27823,44724,702,1,0,1,0
192.168.171.249,10.103.135.62,13691,33830,1422,1,0,0,0
192.168.98.252,10.202.212.73,8647,2469,1162,0,1,1,0
192.168.253.222,10.215.221.67,28471,49054,737,0,0,0,1
192.168.14.241,10.49.217.98,23101,43362,1285,0,0,0,1
192.168.112.136,10.249.126.170,2589,46490,695,1,0,0,0
192.168.39.3,10.19.218.56,18139,22515,1029,0,0,1,0
192.168.84.186,10.131.151.36,33782,10600,67,1,0,1,0
192.168.166.180,10.118.88.171,17609,40809,844,1,0,0,1
192.168.102.70,10.156.161.76,59246,30628,175,0,1,1,0
192.168.37.136,10.175.235.144,35179,43749,981,1,0,1,1
192.168.131.205,10.1.144.253,21467,27085,157,1,0,0,0
192.168.174.214,10.93.230.132,5239,38701,945,0,0,1,0
192.168.126.20,10.78.101.55,51831,46020,212,1,0,0,0
192.168.248.230,10.172.16.157,17174,51539,1094,1,0,0,0
192.168.4.161,10.164.35.186,43724,35746,1176,1,0,1,0
192.168.124.70,10.253.14.48,18304,5629,737,1,0,0,0
192.168.225.141,10.41.99.169,58032,14162,644,1,0,1,0
192.168.174.167,10.206.100.87,4311,35922,1426,1,0,1,1
192.168.109.196,10.136.9.51,48391,36331,511,1,0,0,0
192.168.56.75,10.40.103.29,28768,49268,1242,1,0,0,1
192.168.22.161,10.22.174.244,16630,21405,496,1,0,0,1
192.168.57.118,10.79.101.7,47722,1471,732,0,1,1,1
192.168.182.66,10.235.189.230,42789,39499,452,0,0,1,0
192.168.158.16,10.80.103.130,50966,12744,276,0,0,0,1
192.168.38.190,10.6.192.101,27154,56549,1268,1,0,0,1
192.168.202.163,10.209.58.248,16790,64656,1231,1,0,0,0
192.168.72.151,10.52.0.49,14774,23563,651,0,0,0,1
192.168.165.9,10.15.181.224,38325,12353,1375,1,0,1,0
192.168.224.213,10.171.75.190,53004,32652,656,1,0,1,1
192.168.244.191,10.224.206.214,32108,52499,216,0,0,1,1
192.168.7.159,10.27.159.57,28275,37476,411,0,0,0,1
192.168.33.93,10.90.161.57,27397,14243,901,0,0,0,1
192.168.168.183,10.106.11.25,52202,57498,265,0,1,0,0
192.168.213.225,10.5.254.98,11914,38607,318,0,1,1,0
192.168.68.232,10.129.249.251,24687,64908,1092,1,0,1,0
192.168.114.198,10.210.183.114,11022,10147,995,1,0,1,0
192.168.9.254,10.252.151.214,26664,39856,536,1,0,0,0
192.168.241.165,10.44.137.240,36540,58068,413,1,0,1,0
192.168.84.210,10.176.196.142,28590,59952,956,1,0,1,1
192.168.247.21,10.119.82.207,44451,8527,112,1,0,1,0
192.168.91.117,10.79.216.74,33215,52709,960,0,1,1,1
192.168.45.69,10.254.255.148,18555,2010,971,0,1,1,1
192.168.209.47,10.200.254.198,16987,6238,1318,0,1,1,1
192.168.254.118,10.14.118.216,30082,13374,907,1,0,0,1
192.168.92.26,10.77.112.111,24015,57331,1308,0,1,1,0
192.168.109.222,10.233.202.137,37181,28433,164,0,1,0,1
192.168.142.134,10.140.15.161,65271,45055,1180,0,1,1,1
192.168.219.25,10.6.16.138,32299,4842,1303,0,1,0,1
192.168.57.169,10.63.114.16,6334,55195,863,0,1,1,0
192.168.89.146,10.156.104.16,58993,9344,997,1,0,0,0
192.168.199.123,10.60.230.199,30423,5461,1387,0,1,0,1
192.168.39.83,10.61.78.113,20799,56791,1475,1,0,1,0
192.168.170.80,10.200.8.217,30329,33627,1075,1,0,1,1
192.168.105.9,10.151.203.179,19684,397,1426,1,0,0,0
192.168.90.250,10.122.17.219,15707,21628,1256,0,1,1,1
192.168.68.220,10.33.169.155,5717,53947,1350,1,0,1,0
192.168.39.122,10.196.26.137,12824,17630,525,0,1,0,0
192.168.116.218,10.37.42.185,37426,31329,1182,0,0,1,0
192.168.150.228,10.135.23.21,42551,5341,1386,1,0,0,1
192.168.145.102,10.99.100.232,6873,60972,1347,0,1,1,1
192.168.163.123,10.158.171.61,59203,16,786,1,0,1,1
192.168.50.29,10.135.98.138,44135,39222,284,0,0,1,1
192.168.156.131,10.137.158.116,56286,26863,794,1,0,0,1
192.168.63.92,10.70.206.108,36407,24283,1006,0,1,0,0
192.168.225.81,10.176.201.69,13092,35437,317,0,0,0,0
192.168.175.169,10.73.224.165,24790,56917,958,0,0,0,1
192.168.117.128,10.120.255.23,36457,53169,619,0,1,0,0
192.168.97.33,10.221.49.57,44119,10633,1148,0,0,0,1
192.168.166.23,10.161.207.3,63211,28220,1182,0,0,1,1
192.168.40.20,10.45.125.211,35929,37897,79,1,0,1,0
192.168.73.245,10.28.212.161,10121,39560,680,0,1,1,0
192.168.80.149,10.245.178.110,7599,21345,954,0,1,1,0
192.168.252.166,10.195.139.188,19158,51043,1254,0,0,0,1
192.168.209.150,10.38.232.92,46562,14488,1229,0,1,0,0
192.168.233.32,10.241.39.246,32775,55708,709,1,0,0,1
192.168.68.174,10.201.227.181,19829,31569,363,1,0,0,1
192.168.44.82,10.10.23.39,41196,10190,233,1,0,1,0
192.168.176.38,10.231.54.55,20949,44446,743,1,0,1,1
192.168.171.80,10.22.131.189,34972,60922,262,1,0,1,0
192.168.235.35,10.210.27.72,1709,29387,675,0,0,0,1
192.168.202.205,10.235.94.26,59443,60852,999,1,0,0,1
192.168.204.74,10.153.163.246,35552,5861,160,1,0,1,1
192.168.245.16,10.20.133.195,20605,57424,1113,0,0,0,1
192.168.122.149,10.37.178.39,39626,28116,658,0,1,1,1
192.168.92.251,10.48.80.148,39373,20564,1207,1,0,0,0
192.168.158.138,10.210.1.11,27475,18028,1367,1,0,0,0
192.168.86.136,10.22.22.120,479,40966,443,1,0,1,0
192.168.103.128,10.22.96.25,38372,54708,399,1,0,0,0
192.168.11.99,10.16.220.137,65193,50797,766,0,0,0,0
192.168.111.180,10.193.190.252,28143,2413,339,1,0,0,0
192.168.195.53,10.27.186.83,34209,52154,1401,0,0,1,1
192.168.190.73,10.106.152.133,56808,39843,1142,1,0,0,1
192.168.205.134,10.5.203.142,2726,4242,232,0,1,1,1
192.168.95.144,10.23.251.148,14552,65345,1002,0,1,0,1
192.168.95.63,10.226.44.24,9606,41902,359,1,0,0,1
192.168.46.56,10.191.66.109,21402,7422,781,1,0,0,1
192.168.252.106,10.206.129.40,40422,25293,1034,1,0,1,1
192.168.94.115,10.153.254.115,62722,41143,234,1,0,1,1
192.168.234.166,10.38.70.32,4380,52047,1137,0,1,1,0
192.168.207.109,10.45.228.42,3835,49471,1103,1,0,0,1
192.168.4.214,10.207.190.8,42442,57683,742,0,0,1,1
192.168.231.216,10.224.41.24,49490,60326,1340,0,1,0,1
192.168.178.129,10.16.158.213,36077,28035,1096,0,0,0,1
192.168.179.97,10.47.57.186,58226,28693,1180,1,0,1,1
192.168.119.121,10.246.207.107,14671,48315,371,0,0,0,0
192.168.233.212,10.179.248.20,19885,46035,710,0,1,0,0
192.168.153.3,10.113.142.4,30311,38591,82,1,0,1,0
192.168.113.35,10.1.9.213,57387,21447,321,0,0,0,1
192.168.172.254,10.234.137.204,21130,55901,236,0,1,0,0
192.168.135.88,10.120.148.153,50279,50244,120,1,0,0,0
192.168.194.169,10.246.87.173,30239,20779,179,0,0,1,1
192.168.74.174,10.222.142.45,43102,2886,792,0,1,0,1
192.168.98.184,10.76.48.213,36122,10198,440,1,0,1,1
192.168.243.32,10.0.101.30,38484,42078,247,1,0,1,1
192.168.67.176,10.153.158.116,3489,29079,1235,0,1,1,1
192.168.223.163,10.209.175.184,32038,28618,1036,0,1,1,1
192.168.127.14,10.116.36.29,54515,31189,1484,0,1,1,1
192.168.149.239,10.225.114.201,26231,5104,1495,0,0,1,1
192.168.17.7,10.183.157.86,44997,29687,821,1,0,0,0
192.168.49.38,10.246.147.69,46054,43795,1127,0,1,1,0
192.168.171.4,10.66.200.85,12148,956,429,1,0,0,1
192.168.186.219,10.196.142.79,20435,24367,407,1,0,1,1
192.168.139.10,10.24.1.155,3699,54907,175,0,1,0,0
192.168.151.196,10.178.62.168,37984,58080,1486,1,0,1,0
192.168.158.137,10.154.133.103,58867,11155,1022,1,0,0,1
192.168.86.234,10.27.195.97,24976,13586,879,0,1,0,1
192.168.116.249,10.188.84.66,34129,63721,414,1,0,1,0
192.168.93.74,10.161.96.197,11942,59190,938,0,0,0,0
192.168.174.246,10.225.183.236,45969,50494,88,0,0,1,0
192.168.186.56,10.193.86.12,65097,5454,243,1,0,1,0
192.168.165.253,10.252.151.99,34631,43541,1405,0,0,0,1
192.168.241.209,10.94.123.44,45633,40571,1149,1,0,0,0
192.168.102.200,10.136.91.62,39548,2670,242,0,1,0,1
192.168.53.96,10.145.160.138,36713,37934,1040,0,1,1,1
192.168.180.102,10.47.205.54,1192,28084,220,0,1,1,0
192.168.82.153,10.65.159.139,14,62175,442,1,0,1,0
192.168.255.22,10.115.213.80,59931,5228,890,1,0,1,1
192.168.123.177,10.49.78.247,50058,62071,358,1,0,0,1
192.168.204.32,10.93.175.188,28995,14473,543,0,0,0,0
192.168.150.150,10.190.254.24,2632,65435,1328,1,0,0,1
192.168.162.19,10.234.131.230,5290,41699,1331,1,0,1,1
192.168.135.141,10.112.235.138,47918,24167,236,1,0,1,0
192.168.229.55,10.122.250.228,64497,2143,974,1,0,0,1
192.168.169.173,10.215.48.97,3150,15072,304,0,0,0,0
192.168.26.192,10.119.222.182,56143,55376,407,0,0,0,0
192.168.194.142,10.204.239.234,44212,60536,1383,0,0,1,1
192.168.157.249,10.108.88.92,57612,57089,1036,0,0,0,1
192.168.164.201,10.165.236.180,13806,58929,710,1,0,1,1
192.168.132.66,10.254.9.41,57223,6884,118,0,0,1,1
192.168.6.112,10.6.129.205,12520,60828,581,1,0,1,1
192.168.90.244,10.67.24.167,41107,32406,581,1,0,0,1
192.168.165.40,10.10.130.25,44826,33101,772,1,0,1,0
192.168.88.154,10.150.169.23,37373,39594,1358,0,0,1,1
192.168.32.233,10.215.155.218,40842,53546,357,1,0,1,1
192.168.232.107,10.181.208.127,38684,20153,1197,1,0,0,0
192.168.53.190,10.72.156.126,22965,63301,247,1,0,0,1
192.168.187.57,10.165.216.30,8594,2246,407,0,0,1,0
192.168.22.104,10.102.70.125,53172,48959,1001,1,0,1,0
192.168.226.186,10.135.31.84,16203,13113,1111,0,1,0,0
192.168.228.225,10.13.106.73,46765,36505,1410,1,0,0,1
192.168.234.140,10.144.210.242,24551,2228,1296,1,0,0,0
192.168.192.240,10.254.244.252,21321,55468,690,1,0,1,1
192.168.68.56,10.245.47.8,54331,5017,1415,0,0,1,0
192.168.72.39,10.1.44.116,2391,40046,938,0,0,0,1
192.168.189.77,10.184.67.106,64508,15699,664,1,0,0,1
192.168.104.144,10.195.222.18,19680,40531,874,1,0,1,1
192.168.43.134,10.209.85.133,52474,17701,94,0,1,0,1
192.168.41.143,10.220.153.131,13285,47767,82,0,0,0,0
192.168.51.93,10.200.70.14,53240,58598,424,0,0,1,1
192.168.107.88,10.200.57.121,3860,32278,1018,1,0,1,1
192.168.104.196,10.133.0.44,5055,21111,1146,1,0,0,1
192.168.186.189,10.188.26.62,50521,11809,1219,0,1,1,1
192.168.13.24,10.108.2.213,42554,14646,633,0,0,0,0
192.168.37.80,10.228.106.132,31100,56024,273,0,0,1,0
192.168.216.105,10.201.23.140,48782,43028,1482,0,0,0,1
192.168.182.253,10.122.9.112,59976,51700,1265,1,0,0,0
192.168.157.9,10.234.238.64,52807,52365,680,0,1,1,0
192.168.70.237,10.69.222.21,20709,57364,1351,0,0,0,1
192.168.197.54,10.96.36.20,26873,5737,1437,0,0,0,0
192.168.8.189,10.233.46.91,6473,12278,1391,1,0,0,1
192.168.145.66,10.83.97.6,23604,41766,291,1,0,1,1
192.168.167.56,10.94.157.223,24543,36669,1499,1,0,1,1
192.168.80.164,10.230.242.175,26619,16094,316,0,1,0,0
192.168.60.122,10.154.175.171,13263,64792,810,1,0,0,0
192.168.175.84,10.133.109.91,40534,64801,1037,1,0,1,1
192.168.12.100,10.225.147.251,48163,31495,1216,1,0,0,1
192.168.171.216,10.123.230.150,61664,13709,563,0,0,1,1
192.168.231.19,10.35.2.123,17562,2426,1468,0,1,1,0
192.168.168.128,10.194.236.209,39297,18422,391,1,0,1,1
192.168.171.14,10.230.137.39,44165,58458,365,0,0,0,1
192.168.0.30,10.81.19.159,52247,4665,699,1,0,0,0
192.168.155.20,10.5.123.227,7828,27356,436,0,0,0,0
192.168.113.41,10.142.202.141,51123,22896,218,0,1,1,1
192.168.133.55,10.235.174.64,59035,15928,1381,0,0,0,0
192.168.234.134,10.109.104.196,17877,54871,282,0,1,0,1
192.168.244.5,10.88.128.60,8409,62182,1144,0,0,1,0
192.168.22.188,10.211.239.98,51049,54852,547,0,0,1,0
192.168.205.213,10.189.67.221,41548,13207,523,0,1,1,0
192.168.105.13,10.151.24.54,39554,45459,784,1,0,1,0
192.168.190.151,10.245.186.137,35603,57729,513,0,1,0,0
192.168.24.184,10.9.14.65,28965,5856,1348,0,0,0,1
192.168.51.105,10.20.78.103,26188,49418,764,1,0,1,1
192.168.54.53,10.235.132.44,20901,11355,598,1,0,0,1
192.168.10.251,10.201.4.147,34976,34203,1347,0,1,0,1
192.168.136.241,10.235.171.88,19971,19241,465,1,0,1,0
192.168.51.219,10.244.78.44,64205,26135,153,0,1,0,1
192.168.34.115,10.37.188.146,42693,56835,83,0,0,0,0
192.168.73.220,10.165.181.145,5966,64063,386,0,1,1,1
192.168.185.254,10.103.17.132,16408,15617,1039,0,1,1,1
192.168.1.209,10.44.160.244,64031,47884,1126,1,0,1,1
192.168.193.225,10.18.155.127,34537,8119,762,0,0,1,1
192.168.228.152,10.18.204.140,27595,22220,574,1,0,0,0
192.168.58.15,10.238.33.177,43427,42536,178,0,0,0,0
192.168.71.195,10.46.202.75,41100,22723,1221,0,0,0,0
192.168.110.88,10.237.140.47,29523,20908,248,0,1,1,0
192.168.135.102,10.114.96.155,11049,49177,1209,1,0,0,1
192.168.91.187,10.57.114.252,10974,10381,150,1,0,0,1
192.168.162.34,10.111.51.110,32779,21107,1277,1,0,1,1
192.168.195.95,10.235.81.126,64025,9120,67,1,0,1,0
192.168.43.224,10.189.67.100,17715,56164,257,1,0,1,0
192.168.237.10,10.3.17.195,7107,16435,1383,0,1,0,1
192.168.115.90,10.190.104.152,27780,47685,1074,1,0,0,0
192.168.156.199,10.64.238.128,38604,22483,1066,0,1,1,1
192.168.53.199,10.233.152.151,59938,47885,929,1,0,1,1
192.168.234.80,10.178.229.90,52142,46164,1459,1,0,0,0
192.168.117.199,10.38.223.122,53083,29795,498,0,0,0,0
192.168.230.93,10.157.65.124,42904,28482,231,1,0,0,1
192.168.132.177,10.147.161.156,32310,52777,1407,1,0,1,0
192.168.28.237,10.213.36.74,29773,59042,628,0,1,1,0
192.168.85.159,10.245.113.157,14775,52859,1098,1,0,1,0
192.168.224.51,10.254.184.245,21770,45363,987,1,0,1,0
192.168.123.115,10.180.124.187,54389,54733,1306,0,0,1,0
192.168.139.205,10.102.137.38,33048,11065,774,0,0,1,0
192.168.138.57,10.126.25.75,20102,40395,1299,0,1,0,0
192.168.58.140,10.182.129.97,28007,33747,1073,1,0,0,0
192.168.169.176,10.98.144.41,16763,30805,728,0,1,0,0
192.168.214.130,10.232.29.70,29828,18241,522,1,0,0,1
192.168.14.216,10.34.31.97,43882,26121,723,1,0,1,1
192.168.124.67,10.27.8.81,64984,46619,555,0,0,0,1
192.168.68.26,10.201.181.209,60436,42568,902,1,0,0,1
192.168.100.27,10.34.27.2,53095,2449,1181,1,0,1,1
192.168.151.7,10.140.101.15,11467,62107,224,0,1,1,0
192.168.9.247,10.186.202.215,1448,30787,949,1,0,1,0
192.168.60.181,10.70.81.81,22870,6247,710,0,0,1,1
192.168.193.71,10.190.65.231,21850,7346,65,1,0,1,1
192.168.34.199,10.169.4.209,33617,17020,1134,0,0,0,0
192.168.109.115,10.165.208.168,3028,11952,1450,1,0,1,0
192.168.221.26,10.38.61.143,13565,3814,948,1,0,0,0
192.168.102.144,10.168.120.200,27786,25157,1164,1,0,1,0
192.168.208.212,10.179.95.113,29343,38803,1202,0,0,0,0
192.168.155.21,10.7.183.227,47889,63550,652,0,1,0,0
192.168.166.28,10.85.89.30,18163,3846,499,1,0,0,0
192.168.158.131,10.210.205.38,2313,33738,1340,0,0,1,0
192.168.172.113,10.229.189.163,18677,10857,112,0,1,1,0
192.168.25.36,10.107.83.131,15264,16626,1404,1,0,0,0
192.168.161.242,10.71.74.171,15151,37690,291,1,0,1,1
192.168.243.172,10.51.39.161,13661,20065,1258,0,1,1,1
192.168.215.252,10.10.127.15,14316,26210,651,0,0,0,1
192.168.4.62,10.178.156.110,23920,55803,1037,0,0,0,1
192.168.209.178,10.206.170.48,43794,2598,1034,0,0,1,1
192.168.130.61,10.10.93.112,58930,5712,1397,0,1,1,1
192.168.17.20,10.192.16.135,47198,28541,1280,1,0,1,1
192.168.16.161,10.218.15.147,61812,53523,719,1,0,0,1
192.168.60.105,10.86.81.105,26766,18209,566,1,0,0,1
192.168.246.85,10.15.69.251,59433,1978,1026,1,0,0,0
192.168.77.16,10.26.64.125,57091,25840,780,1,0,0,1
192.168.172.156,10.88.13.235,10651,63191,744,0,0,0,1
192.168.90.218,10.64.41.234,11813,46245,523,1,0,0,0
192.168.178.87,10.69.153.47,13409,20816,215,0,0,1,0
192.168.234.227,10.154.65.5,33478,28052,1055,1,0,1,0
192.168.64.46,10.169.196.59,31586,17060,639,1,0,0,0
192.168.91.16,10.230.44.45,63282,31805,913,1,0,1,0
192.168.0.163,10.100.244.25,50624,22485,948,1,0,1,0
192.168.58.39,10.122.47.91,20041,52570,1177,0,0,0,1
192.168.72.7,10.136.113.35,49840,61153,513,1,0,1,1
192.168.172.12,10.29.41.16,2336,20564,1384,1,0,0,1
192.168.62.188,10.221.94.28,8088,26572,121,0,1,0,0
192.168.35.1,10.150.249.22,28536,55915,461,1,0,1,1
192.168.233.207,10.164.179.12,14717,37299,1077,1,0,0,1
192.168.151.30,10.120.82.32,35898,39550,633,0,0,0,0
192.168.159.68,10.98.208.229,35267,36905,1377,0,0,1,1
192.168.81.243,10.20.247.34,30616,46529,529,1,0,0,0
192.168.165.183,10.185.137.149,10577,56262,209,0,1,1,0
192.168.68.84,10.229.232.179,37414,12127,922,0,0,0,0
192.168.162.70,10.99.214.169,16441,54100,932,1,0,1,0
192.168.43.180,10.217.99.16,21565,45807,885,0,0,0,0
192.168.46.107,10.41.31.117,53684,49152,1258,1,0,1,0
192.168.130.42,10.44.151.69,35748,13380,795,0,0,1,1
192.168.54.167,10.182.6.100,30755,61075,1397,1,0,0,1
192.168.27.178,10.194.168.129,20819,14240,985,1,0,0,0
192.168.200.127,10.45.226.201,57902,36936,1477,0,1,1,0
192.168.59.183,10.217.121.94,7476,10426,333,0,0,1,0
192.168.246.48,10.42.41.171,55099,58352,1330,0,1,0,0
192.168.95.207,10.79.72.245,30520,20139,965,1,0,0,0
192.168.154.144,10.44.151.61,15420,3864,1137,1,0,0,0
192.168.58.82,10.46.147.135,34708,44652,404,1,0,1,1
192.168.197.229,10.170.65.12,28162,5141,1150,1,0,1,1
192.168.39.217,10.94.146.168,50178,43290,821,1,0,0,0
192.168.253.199,10.67.248.74,23621,22493,131,0,1,1,0
192.168.89.16,10.131.33.237,33458,41356,1429,0,1,1,1
192.168.28.30,10.227.77.129,51708,15968,81,1,0,0,0
192.168.133.164,10.150.106.19,63615,30470,1454,0,0,1,0
192.168.179.180,10.142.64.119,64079,38665,656,1,0,0,1
192.168.72.20,10.69.110.72,1686,21397,1164,0,1,1,0
192.168.202.242,10.123.29.53,2603,25491,550,0,0,1,1
192.168.204.217,10.1.2.74,33004,27484,862,0,1,0,0
192.168.228.98,10.227.18.241,10221,2239,216,1,0,1,1
192.168.168.135,10.46.230.155,42958,47321,1116,0,1,0,0
192.168.125.19,10.229.243.222,46203,49193,72,0,0,0,0
192.168.252.181,10.196.104.236,47502,27064,232,1,0,0,0
192.168.94.244,10.153.151.70,63180,64427,370,0,1,1,0
192.168.120.102,10.26.207.9,6244,14634,692,1,0,1,1
192.168.50.43,10.113.150.36,36256,43072,190,0,0,0,0
192.168.60.45,10.7.189.174,61882,983,1418,1,0,1,1
192.168.144.53,10.71.21.31,65271,43400,684,0,1,0,0
192.168.189.205,10.37.185.103,50724,33595,1378,0,0,1,0
192.168.233.87,10.11.214.78,59978,16030,587,1,0,1,1
192.168.160.56,10.124.56.213,988,22050,1380,0,1,0,1
192.168.48.160,10.209.222.235,4818,13082,1137,1,0,1,1
192.168.213.145,10.209.82.221,41175,46888,1035,1,0,1,0
192.168.184.81,10.249.151.103,64614,4925,439,0,1,1,1
192.168.214.79,10.149.91.167,28837,62707,1221,0,1,1,1
192.168.13.87,10.215.106.149,30051,10394,1288,1,0,0,0
192.168.222.1,10.119.61.233,18187,11193,782,0,1,0,1
192.168.247.175,10.62.125.118,57698,33256,163,1,0,0,0
192.168.13.68,10.88.43.122,31083,38981,795,0,1,0,0
192.168.76.145,10.173.30.211,10996,14872,861,1,0,1,1
192.168.11.168,10.117.198.110,47091,36564,1049,1,0,1,0
192.168.115.146,10.205.80.79,22539,34096,1193,1,0,0,0
192.168.141.137,10.245.148.138,11122,31850,1139,1,0,1,0
192.168.137.100,10.166.70.229,21250,48722,729,1,0,0,1
192.168.152.144,10.151.170.62,28665,57150,326,0,1,1,1
192.168.218.239,10.168.152.184,50689,9695,1426,0,1,0,1
192.168.109.170,10.251.110.14,31530,43292,1118,1,0,0,0
192.168.59.185,10.37.254.45,24116,52985,1177,0,0,1,1
192.168.126.124,10.218.109.29,24897,36958,456,0,0,1,1
192.168.14.222,10.152.241.45,62339,39493,694,0,1,1,1
192.168.42.197,10.89.169.180,13601,37443,1001,0,1,0,0
192.168.103.203,10.14.92.59,35525,41265,1322,1,0,0,1
192.168.194.124,10.61.69.229,14661,49947,1211,1,0,0,1
192.168.0.151,10.35.47.205,27157,30447,85,1,0,1,1
192.168.13.233,10.95.119.17,55213,10939,1092,1,0,1,0
192.168.236.231,10.73.124.20,35828,15038,203,0,0,1,1
192.168.10.22,10.205.36.221,61707,24274,760,0,0,1,0
192.168.241.243,10.131.185.128,15049,45996,1304,1,0,0,0
192.168.215.168,10.81.169.252,54815,45091,65,0,0,0,0
192.168.199.191,10.105.209.135,25934,30738,1242,1,0,0,0
192.168.199.199,10.127.161.118,36222,38964,1326,1,0,0,0
192.168.17.5,10.179.85.11,31866,62829,261,0,1,1,1
192.168.133.189,10.161.135.141,36643,64187,495,1,0,0,0
192.168.133.38,10.171.153.247,38672,39721,1043,0,1,0,1
192.168.25.40,10.13.165.32,8851,36465,175,0,1,1,0
192.168.1.62,10.240.72.93,44377,52807,1045,0,0,0,1
192.168.147.134,10.167.94.188,57294,6089,1260,0,0,1,0
192.168.144.29,10.153.121.198,39095,28869,910,0,0,0,1
192.168.34.197,10.113.242.53,30070,6682,280,0,0,1,0
192.168.23.93,10.146.218.142,55740,26702,953,0,1,0,1
192.168.115.205,10.137.41.211,23798,35777,269,1,0,1,0
